FISHSET_ID,SET_NO,DATE_TIME3,SOAKMINP3P1,DEPTH,LATITUDE,LONGITUDE,YEAR,STATION,STRATUM_ID,NAFAREA_ID,NUM_HOOK_HAUL,total_other_species,total_target_species,broken_hook,empty_baited,empty_unbaited,other_species,target_species,missing_hook,total_sampled
100290212,1,6/14/2017 15:20,368,122,42.74117,-64.38267,2017,507,H11,4XN,989,157,19,1,41,161,92,5,0,300
100290552,3,5/27/2017 13:32,330,341,44.60767,-57.199,2017,567,H32,4VC,990,11,25,0,63,181,6,20,0,270
100290569,20,6/1/2017 19:10,617,72,43.98833,-50.88883,2017,628,H51,3OE,990,92,2,0,225,10,33,2,0,270
100290573,24,6/2/2017 20:28,733,58,44.2245,-50.224,2017,623,H51,3NC,990,350,16,0,152,47,69,2,0,270
100290621,24,6/21/2017 19:59,696,89.5,43.75883,-51.7055,2017,643,H51,3OE,1000,141,0,0,188,57,25,0,0,270
100290623,26,6/22/2017 14:17,376,70.75,43.6605,-50.66967,2017,635,H51,3NC,1000,7,0,1,235,30,4,0,0,270
100290624,27,6/23/2017 17:23,562,115.5,43.06983,-50.83317,2017,645,H51,3NE,1000,33,2,0,193,58,17,2,0,270
100290625,28,6/23/2017 23:26,655,380.5,42.84983,-50.17733,2017,650,H53,3NE,1000,263,46,0,165,41,50,14,0,270
100290626,29,6/24/2017 14:09,368,64.5,43.14417,-50.05867,2017,637,H51,3NE,1000,74,0,1,116,132,21,0,0,270
100290627,30,6/24/2017 16:00,445,66,43.179,-49.9745,2017,636,H51,3NF,1000,159,0,0,111,104,55,0,0,270
100290628,31,6/24/2017 18:06,521,61,43.196,-49.83533,2017,630,H51,3NF,1000,4,0,2,72,196,0,0,0,270
100290629,32,6/24/2017 20:51,593,317.75,43.09267,-49.684,2017,649,H53,3NF,1000,401,23,0,92,81,88,9,0,270
100290630,33,6/25/2017 14:38,398,59.25,43.73483,-49.85433,2017,626,H51,3NC,1000,20,1,1,179,85,5,0,0,270
100290631,34,6/25/2017 17:29,465,52.5,43.7805,-49.564,2017,624,H51,3NC,1000,19,0,0,128,134,8,0,0,270
100290632,35,6/25/2017 20:37,555,409,43.64683,-49.4015,2017,646,H52,3NC,1000,56,11,7,143,95,17,8,0,270
100290633,36,6/26/2017 14:49,408,68.5,43.9895,-49.2165,2017,620,H51,3ND,1000,41,0,0,99,152,19,0,0,270
100290634,37,6/26/2017 19:35,516,50.5,44.29417,-49.50367,2017,618,H51,3NC,1000,46,0,2,112,145,11,0,0,270
100290638,41,6/27/2017 14:03,362,54,44.65483,-50.14183,2017,617,H51,3NC,1000,428,2,0,107,70,93,0,0,270
100290639,42,6/27/2017 16:10,446,49,44.603,-50.05417,2017,619,H51,3NC,1000,483,29,0,93,69,102,6,0,270
100290644,47,6/28/2017 23:40,915,74.5,43.88217,-51.033,2017,634,H51,3OE,1000,495,0,0,112,83,75,0,0,270
100290650,1,6/24/2017 16:01,471,87.5,45.79417,-59.89217,2017,558,H31,4VN,973,0,1,1,41,257,0,1,0,300
100290654,5,6/25/2017 19:15,517,423,46.66217,-58.684,2017,574,H33,4VN,994,11,3,3,63,227,7,0,0,300
100290655,6,6/25/2017 21:46,610,431.75,46.753,-58.78283,2017,573,H33,4VN,964,12,0,3,38,257,2,0,0,300
100290659,10,6/28/2017 14:59,412,59,44.57417,-63.13667,2017,536,H21,4WK,976,0,0,8,282,10,0,0,0,300
100290664,15,6/29/2017 16:16,419,153.5,44.12333,-63.4955,2017,517,H12,4XM,979,79,1,7,15,255,22,1,0,300
100290678,1,6/13/2017 14:11,370,42.5,43.778,-64.78967,2017,504,H11,4XO,985,11,6,0,257,37,5,1,0,300
100290682,5,6/14/2017 14:00,360,136,43.342,-65.1785,2017,505,H11,4XO,985,6,13,0,202,93,0,5,0,300
100290684,7,6/14/2017 17:56,413,61.5,43.25467,-65.49417,2017,506,H11,4XO,985,19,0,0,275,17,8,0,0,300
100290687,10,6/16/2017 14:39,360,149,42.4685,-65.9375,2017,526,H12,4XP,985,52,0,0,3,280,17,0,0,300
100290689,12,6/16/2017 20:12,599,93,42.45283,-65.69833,2017,511,H11,4XP,985,56,28,1,3,253,34,9,0,300
100290694,4,6/16/2017 20:30,608,99,43.18833,-62.357,2017,540,H21,4WL,1000,76,1,1,14,278,6,1,0,300
100290695,5,6/17/2017 15:30,401,90.75,43.37617,-62.30417,2017,539,H21,4WL,1000,61,1,3,4,291,2,0,0,300
100290696,1,6/19/2017 15:44,464,140.25,42.86483,-66.11233,2017,524,H12,4XO,1000,332,1,0,8,194,98,0,0,300
100290697,2,6/19/2017 19:32,535,84.5,42.75433,-65.919,2017,510,H11,4XP,1000,125,6,0,57,201,40,2,0,300
100290698,3,6/19/2017 23:13,680,112.75,42.78583,-65.79917,2017,509,H11,4XP,1000,50,41,2,57,215,14,12,0,300
100290699,4,6/20/2017 16:02,448,89.25,43.1025,-65.751,2017,508,H11,4XO,1000,115,26,2,69,162,50,17,0,300
100291826,7,6/20/2017 19:25,502,111,45.02567,-54.33317,2017,644,H51,3OA,1000,394,36,0,89,123,80,8,0,300
100291830,11,6/22/2017 15:05,424,90.5,44.87283,-53.44733,2017,641,H51,3OC,1000,750,6,0,257,15,26,2,0,300
100291831,12,6/22/2017 18:35,540,93,44.82167,-53.18383,2017,639,H51,3OC,1000,832,12,0,172,20,103,5,0,300
100291832,13,6/22/2017 22:16,660,86,44.9025,-52.9075,2017,633,H51,3OD,1000,256,6,0,258,13,28,1,0,300
100291837,18,6/24/2017 17:05,489,89,44.40533,-52.421,2017,640,H51,3OD,1000,116,16,0,251,14,28,7,0,300
100291841,22,6/25/2017 21:00,695,159,43.62683,-52.02983,2017,647,H52,3OE,1000,282,1,1,111,136,52,0,0,300
100292051,4,6/13/2017 21:46,526,172.5,44.17867,-63.055,2017,548,H22,4WM,1000,69,2,4,12,258,26,0,0,300
100292055,8,6/14/2017 22:45,570,154,44.665,-61.69633,2017,547,H22,4WK,1000,40,5,7,5,279,8,1,0,300
100292056,9,6/16/2017 16:22,425,85.5,45.2,-57.732,2017,555,H31,4VC,990,4,1,0,251,47,2,0,0,300
100292058,11,6/16/2017 19:45,555,304.5,45.2135,-57.61833,2017,577,H33,4VC,1000,20,2,0,66,227,6,1,0,300
100292059,12,6/17/2017 16:20,410,56,44.7345,-57.48833,2017,560,H31,4VC,1000,44,0,2,230,56,12,0,0,300
100292060,13,6/17/2017 19:07,508,60.5,44.63367,-57.436,2017,561,H31,4VC,1000,120,0,0,173,100,27,0,0,300
100292062,15,6/18/2017 17:25,397,43,44.59,-57.8985,2017,562,H31,4VC,1000,275,24,0,142,77,67,14,0,300
100292063,16,6/19/2017 18:00,525,128,44.94983,-58.05817,2017,559,H31,4VC,1000,56,10,4,211,63,21,1,0,300
100292064,17,6/19/2017 21:45,603,47.25,44.99417,-57.68167,2017,557,H31,4VC,1000,113,8,0,137,78,50,5,0,270
100292069,1,6/14/2017 18:01,381,364.5,42.42617,-67.17183,2017,529,H13,4XP,997,14,0,4,0,290,6,0,0,300
100292070,2,6/14/2017 22:40,512,346.75,42.40167,-66.771,2017,528,H13,4XP,993,29,0,2,0,283,15,0,0,300
100292071,3,6/15/2017 16:52,423,129.5,41.4635,-66.06333,2017,516,H11,5ZM,998,20,4,0,2,277,20,1,0,300
100292072,4,6/15/2017 20:09,548,129,41.45683,-66.03517,2017,527,H12,5ZM,980,20,3,0,3,292,3,2,0,300
100292073,5,6/16/2017 16:00,453,82,42.0365,-66.31783,2017,514,H11,5ZJ,997,245,14,1,19,213,57,10,0,300
100292074,6,6/16/2017 21:00,652,88.5,41.9635,-66.19717,2017,513,H11,5ZJ,998,84,8,0,12,255,31,2,0,300
100292076,8,6/17/2017 16:01,391,87,41.97733,-66.71933,2017,515,H11,5ZM,997,314,6,1,7,251,40,1,0,300
100292078,10,6/18/2017 21:54,608,127.5,42.1715,-65.54417,2017,512,H11,4XP,798,40,1,33,30,200,37,0,0,300
100292084,4,6/27/2017 14:44,397,214,43.411,-63.81,2017,520,H12,4XN,1000,72,0,0,59,223,18,0,0,300
100292088,8,6/28/2017 22:50,703,213.25,43.45767,-63.72117,2017,519,H12,4XN,1000,58,0,1,39,243,17,0,0,300
100292089,9,6/29/2017 14:44,403,144.75,43.97917,-64.00167,2017,518,H12,4XM,1000,106,8,1,9,245,41,4,0,300
100292091,1,7/4/2017 14:45,396,102.75,43.34217,-67.36833,2017,523,H12,4XQ,992,198,1,0,8,14,8,0,0,30
100292092,2,7/4/2017 18:00,513,103.25,43.23217,-67.31183,2017,525,H12,4XQ,991,194,0,1,0,15,14,0,0,30
100292093,3,7/5/2017 14:35,394,106.5,43.72267,-67.0295,2017,522,H12,4XQ,993,124,0,1,8,221,70,0,0,300
100292097,7,7/6/2017 14:39,396,205.75,44.34383,-66.57133,2017,521,H12,4XR,995,84,2,0,11,254,34,1,0,300
100292110,1,7/12/2017 18:47,628,76.25,45.14717,-65.0795,2017,503,H11,4XR,998,72,25,1,103,159,31,6,0,300
100292111,2,7/12/2017 21:37,584,40.75,45.45167,-65.002,2017,501,H11,4XR,999,47,0,1,32,229,38,0,0,300
100292112,3,7/13/2017 2:45,727,48.25,45.22783,-64.71117,2017,502,H11,4XR,996,50,0,3,15,245,37,0,0,300
100292121,5,6/20/2017 17:00,430,487,43.32167,-60.60317,2017,552,H23,4WG,1000,85,3,4,76,206,12,2,0,300
100292125,9,6/22/2017 15:30,410,109,43.36317,-60.98217,2017,537,H21,4WJ,1000,3,4,0,24,265,8,3,0,300
100292127,11,6/23/2017 16:10,430,51.5,43.70867,-60.89917,2017,535,H21,4WF,925,1144,4,0,132,159,7,2,0,300
100292130,1,7/3/2017 14:48,408,87.25,43.32767,-61.74133,2017,538,H21,4WJ,1002,25,0,0,129,248,13,0,0,390
100292137,8,7/6/2017 15:37,410,88,44.38567,-61.16033,2017,534,H21,4WE,1006,1,13,0,76,310,0,4,0,390
100292140,1,7/9/2017 14:53,413,140.25,45.2955,-60.09717,2017,545,H22,4WD,1002,20,1,3,293,88,6,0,0,390
100292141,2,7/10/2017 14:49,409,137.75,45.57117,-59.23283,2017,566,H32,4VB,1000,1,3,0,271,27,0,2,0,300
100292142,3,7/11/2017 14:48,405,95.25,45.50067,-58.557,2017,556,H31,4VB,1000,1,0,0,259,41,0,0,0,300
100292143,4,7/12/2017 14:42,402,95.75,44.89933,-59.3415,2017,568,H32,4VC,1000,3,1,0,261,38,0,1,0,300
100292144,5,7/13/2017 14:40,400,167.25,44.8085,-59.78867,2017,563,H31,4VC,1000,4,10,0,269,25,1,5,0,300
100292145,6,7/14/2017 15:47,467,121.75,44.94917,-60.34167,2017,530,H21,4WD,1006,2,0,1,303,85,1,0,0,390
100292146,7,7/14/2017 22:08,619,156,45.036,-60.8485,2017,546,H22,4WD,1002,4,13,0,316,69,2,3,0,390
100292147,1,7/4/2017 17:10,400,73.5,44.46933,-59.19783,2017,564,H31,4VC,1000,0,2,2,252,45,0,1,0,300
100292156,10,7/6/2017 19:35,500,154.5,44.27367,-59.7495,2017,569,H32,4VC,1000,0,7,3,218,78,0,1,0,300
100292164,18,7/8/2017 16:20,395,122,44.41883,-60.19233,2017,533,H21,4WE,1000,0,6,5,234,60,0,1,0,300
100292165,19,7/8/2017 18:38,458,147,44.50083,-60.17783,2017,531,H21,4WE,1000,0,5,1,279,19,0,1,0,300
100292166,20,7/8/2017 22:50,545,37.75,44.53467,-60.4385,2017,532,H21,4WE,1000,0,1,3,290,7,0,0,0,300
100292167,1,7/17/2017 15:13,433,216,43.55133,-63.32583,2017,550,H22,4WL,996,10,0,2,48,243,7,0,0,300
100292169,3,7/18/2017 15:57,391,130.5,43.32,-63.1085,2017,541,H21,4WL,999,219,2,1,10,220,67,2,0,300
100292170,4,7/18/2017 19:43,553,144.75,43.19167,-63.1705,2017,551,H22,4WL,998,60,3,0,11,248,39,2,0,300
100292171,5,7/19/2017 15:16,421,106.75,43.17583,-62.77367,2017,542,H21,4WL,994,169,5,0,11,230,55,4,0,300
100292172,6,7/19/2017 18:50,599,111.25,43.14117,-62.74283,2017,543,H21,4WL,999,68,8,1,24,243,30,2,0,300
100292173,7,7/20/2017 14:36,395,122.25,43.00417,-62.788,2017,544,H21,4WL,998,75,4,2,24,225,47,2,0,300
100292570,1,7/2/2017 16:05,485,273,43.77467,-62.959,2017,553,H23,4WL,976,58,1,4,91,169,36,0,0,300
100292571,2,7/2/2017 20:15,620,161.75,43.64167,-62.912,2017,549,H22,4WL,1000,32,0,0,43,231,26,0,0,300
100292600,8,7/20/2017 19:47,386,75,44.72767,-52.18767,2017,629,H51,3OD,1000,152,5,0,238,13,48,1,0,300
100292610,18,7/22/2017 21:15,400,71,44.63883,-51.38883,2017,625,H51,3OD,1000,115,5,0,272,7,21,0,0,300
100293079,3,6/27/2017 22:10,610,143.25,46.72033,-60.15367,2017,565,H32,4VN,1000,7,26,16,52,227,1,4,0,300
100293081,2,6/30/2017 17:30,405,347.5,47.4235,-60.2045,2017,571,H33,4VN,1000,18,0,7,48,243,2,0,0,300
100293082,3,6/30/2017 22:05,575,333.75,47.3025,-59.98717,2017,572,H33,4VN,1000,17,0,9,69,217,5,0,0,300
100293085,2,7/4/2017 18:00,460,329.25,47.022,-59.70183,2017,575,H33,4VN,1000,2,1,5,30,265,0,0,0,300
100293086,3,7/4/2017 19:50,520,410.75,47.0065,-59.60483,2017,576,H33,4VN,1000,3,0,1,52,246,1,0,0,300
100293089,3,7/11/2017 21:50,700,376.75,47.2385,-59.63833,2017,570,H33,4VN,1000,19,0,8,68,216,8,0,0,300
100293097,2,7/20/2017 19:45,705,136.75,46.5055,-59.5255,2017,554,H31,4VN,1000,18,7,17,83,195,4,1,0,300
100293099,1,6/27/2017 19:27,390,194.5,47.18817,-57.99217,2017,598,H42,3PS,960,7,19,1,19,272,4,4,0,300
100293100,2,6/28/2017 13:38,363,420,46.66933,-58.47017,2017,603,H43,3PS,1000,9,3,2,27,268,3,0,0,300
100293101,3,6/28/2017 20:15,615,438.5,46.70367,-58.09233,2017,602,H43,3PS,1000,20,2,1,19,275,5,0,0,300
100293102,4,6/29/2017 14:05,392,276.25,46.773,-57.45083,2017,601,H43,3PS,1000,116,0,1,36,218,45,0,0,300
100293103,5,6/29/2017 18:58,583,137.25,46.75533,-57.21917,2017,583,H41,3PS,1000,90,8,2,2,262,34,0,0,300
100293104,6,6/30/2017 17:40,607,66,46.7375,-57.17367,2017,584,H41,3PS,1000,59,1,0,19,259,22,0,0,300
100293109,1,7/6/2017 13:30,360,52.5,45.806,-55.92567,2017,587,H41,3PS,1000,106,24,0,48,196,51,5,0,300
100293110,2,7/6/2017 20:10,625,49.25,45.57717,-55.71683,2017,588,H41,3PS,1000,216,5,0,27,197,76,0,0,300
100293111,3,7/7/2017 13:40,370,54.75,45.86717,-56.49033,2017,589,H41,3PS,998,93,1,0,56,211,33,0,0,300
100293112,4,7/8/2017 19:10,700,428.75,45.653,-57.29233,2017,605,H43,3PS,995,21,3,1,47,249,3,0,0,300
100293117,1,7/17/2017 2:10,470,171,45.99183,-55.16617,2017,596,H42,3PS,978,1,0,3,45,252,0,0,0,300
100293118,2,7/17/2017 8:45,675,72,45.67517,-54.98367,2017,585,H41,3PS,991,22,0,0,57,233,10,0,0,300
100293119,3,7/18/2017 0:00,365,206.5,45.04817,-54.70483,2017,597,H42,3PS,973,184,5,0,5,234,59,2,0,300
100293120,4,7/18/2017 15:15,340,455.5,44.848,-55.62367,2017,606,H43,3PS,993,27,18,3,72,212,10,3,0,300
100293121,5,7/18/2017 22:30,555,122.5,44.964,-55.691,2017,590,H41,3PS,980,13,0,2,34,256,8,0,0,300
100293126,1,7/26/2017 18:35,410,60.375,46.78583,-55.47867,2017,581,H41,3PS,1000,10,0,0,167,127,6,0,0,300
100293127,2,7/27/2017 16:36,407,116.15,46.51867,-55.16083,2017,595,H42,3PS,1000,11,0,1,107,187,5,0,0,300
100293128,1,7/21/2017 18:00,625,305.25,47.25817,-56.94617,2017,599,H43,3PS,975,23,1,1,159,115,24,1,0,300
100293129,2,7/22/2017 2:05,805,227.25,47.60333,-56.17167,2017,578,H41,3PS,980,33,13,0,51,233,15,1,0,300
100293130,3,7/22/2017 17:00,420,370.5,47.22467,-56.7785,2017,600,H43,3PS,990,21,0,0,148,142,10,0,0,300
100293131,4,7/22/2017 23:10,590,138.5,47.22283,-56.18467,2017,582,H41,3PS,995,10,0,0,195,100,5,0,0,300
100293132,5,7/23/2017 13:30,355,224,47.299,-55.512,2017,592,H42,3PS,990,5,0,3,285,8,4,0,0,300
100293133,1,7/28/2017 16:30,420,140.25,46.659,-55.27533,2017,594,H42,3PS,1000,7,0,0,82,217,1,0,0,300
100293134,2,7/29/2017 18:00,390,61.75,46.35667,-56.56233,2017,586,H41,3PS,1000,55,0,1,4,268,27,0,0,300
100293270,1,7/19/2017 17:30,470,86,45.502,-52.40283,2017,622,H51,3OB,1000,25,1,4,254,20,21,1,0,300
100293271,2,7/19/2017 23:55,585,79.25,45.3915,-51.88067,2017,621,H51,3OB,997,24,0,0,285,9,6,0,0,300
100293272,3,7/20/2017 19:30,395,75,45.25617,-53.41067,2017,631,H51,3OA,1000,112,6,4,205,52,36,3,0,300
100293273,4,7/21/2017 0:35,635,74,45.24267,-53.48917,2017,632,H51,3OA,1000,115,17,50,170,68,7,5,0,300
100293274,5,7/21/2017 16:50,525,76.5,45.13783,-53.608,2017,638,H51,3OA,1000,109,10,2,35,175,55,3,0,270
100293275,6,7/21/2017 23:15,675,104,45.56583,-53.74517,2017,627,H51,3OA,1000,5,0,15,264,17,4,0,0,300
100293276,7,7/22/2017 14:30,410,118,45.30833,-54.47133,2017,642,H51,3OA,1000,30,0,0,239,45,16,0,0,300
100293277,1,7/28/2017 14:15,470,692.25,45.37383,-48.67767,2017,648,H53,3NB,990,138,4,1,50,199,50,0,0,300
100293278,2,7/28/2017 22:30,745,100.5,45.61467,-48.52933,2017,607,H51,3NB,1000,1,0,2,29,269,0,0,0,300
100293279,3,7/29/2017 14:45,555,80,45.4445,-49.01267,2017,609,H51,3NA,994,1,0,0,99,200,1,0,0,300
100293280,4,7/29/2017 21:20,695,63.5,45.8585,-49.17117,2017,608,H51,3NA,997,0,0,1,53,246,0,0,0,300
100293281,5,7/30/2017 12:40,395,67.5,45.838,-49.819,2017,610,H51,3NA,995,2,0,0,132,167,1,0,0,300
100293283,7,7/31/2017 14:15,365,67,45.52367,-49.99483,2017,611,H51,3NA,987,2,0,0,276,24,0,0,0,300
100293285,9,8/1/2017 14:00,465,65,45.18183,-50.21717,2017,616,H51,3NA,988,15,3,0,76,214,10,0,0,300
100293286,10,8/1/2017 18:35,650,64.5,45.28567,-50.07617,2017,615,H51,3NA,994,13,0,1,86,206,6,1,0,300
100293287,11,8/2/2017 14:15,435,67.5,45.15417,-49.53567,2017,614,H51,3NA,1000,0,0,0,165,135,0,0,0,300
100293288,12,8/2/2017 18:15,615,68,45.207,-49.47183,2017,612,H51,3NA,990,0,0,1,190,109,0,0,0,300
100293289,13,8/3/2017 11:55,415,69,45.099,-49.3275,2017,613,H51,3NA,1000,0,0,0,123,177,0,0,0,300
100293830,1,8/11/2017 16:06,396,64.25,47.3975,-54.01417,2017,591,H42,3PS,1000,8,0,0,214,86,0,0,0,300
100293832,1,8/19/2017 22:47,457,131.75,46.7445,-54.5195,2017,580,H41,3PS,1000,1,0,0,239,60,1,0,0,300
100293833,1,8/22/2017 16:55,395,80,46.70417,-54.36533,2017,579,H41,3PS,1000,11,0,1,172,122,5,0,0,300
100293834,1,8/28/2017 17:19,421,174.5,46.7215,-54.62333,2017,593,H42,3PS,1000,2,0,0,221,77,2,0,0,300
100304652,3,6/15/2018 22:00,600,80,44.42017,-57.5545,2018,561,H31,4VC,1000,165,4,0,125,129,45,0,0,299
100304661,12,6/17/2018 19:45,642,412.25,44.613,-56.8645,2018,577,H33,4VC,1000,9,25,0,85,195,3,15,2,300
100304675,26,6/20/2018 19:34,593,419.5,45.06667,-56.73883,2018,574,H33,4VC,1000,57,6,0,92,177,26,2,3,300
100305030,1,6/21/2018 19:50,710,92,44.07017,-64.22883,2018,505,H11,4XM,1000,6,5,0,66,232,1,0,0,299
100305037,8,6/22/2018 22:05,640,92.5,44.46917,-63.12967,2018,540,H21,4WK,1000,18,4,0,129,49,1,1,0,180
100305041,12,6/24/2018 14:40,395,137.5,45.14367,-60.02417,2018,530,H21,4WD,1000,6,2,0,133,161,5,0,1,300
100305043,14,6/24/2018 21:30,595,167.75,45.46033,-60.15683,2018,545,H22,4WD,1000,1,9,0,201,98,0,1,0,300
100305048,19,6/26/2018 20:10,575,103.5,45.8105,-59.6735,2018,557,H31,4VN,1000,0,2,1,52,247,0,0,0,300
100305418,1,6/28/2018 19:13,458,221.5,42.2405,-66.33517,2018,526,H12,5ZJ,1000,133,8,0,17,258,21,3,1,300
100305419,2,6/29/2018 18:55,381,86.5,41.59717,-66.284,2018,516,H11,5ZJ,1000,504,0,0,16,227,56,0,0,299
100305420,3,6/30/2018 18:10,480,164.5,41.55733,-65.9745,2018,527,H12,5ZJ,998,70,0,0,15,251,32,0,2,300
100305421,4,6/30/2018 23:15,677,382.75,41.64267,-65.86417,2018,529,H13,5ZJ,995,91,4,0,85,183,29,2,1,300
100305422,5,7/1/2018 17:30,435,296.75,42.14967,-65.71883,2018,651,H13,4XP,990,312,2,0,77,162,55,1,5,300
100305427,10,7/3/2018 0:00,640,98.5,42.3795,-65.68533,2018,515,H11,4XP,998,164,4,0,7,264,28,0,1,300
100305428,1,7/4/2018 17:45,585,353.25,42.42417,-66.89767,2018,528,H13,4XP,1000,58,0,0,7,279,14,0,0,300
100305429,2,7/5/2018 0:26,667,205.25,42.7515,-67.5025,2018,525,H12,4XP,1000,248,0,0,13,232,55,0,0,300
100305436,1,7/18/2018 15:05,395,160.75,43.3345,-64.41783,2018,521,H12,4XN,998,163,1,0,20,211,68,1,0,300
100305437,2,7/18/2018 19:38,438,166.75,43.4465,-64.23417,2018,520,H12,4XN,995,687,0,0,4,190,106,0,0,300
100305449,1,6/24/2018 18:30,630,166.5,47.03433,-60.25267,2018,571,H33,4VN,1000,8,4,0,15,282,3,0,0,300
100305490,1,7/14/2018 18:06,409,157.5,44.10383,-63.78233,2018,517,H12,4XM,1000,56,1,1,18,224,57,0,0,300
100305491,2,7/14/2018 22:43,486,160,44.06783,-63.24983,2018,549,H22,4WK,1000,89,1,3,3,216,78,0,0,300
100305517,1,7/4/2018 16:32,361,100.75,44.42517,-52.7215,2018,640,H51,3OD,1000,55,11,0,113,157,25,5,0,300
100305519,3,7/4/2018 21:26,537,92.75,44.34167,-52.444,2018,639,H51,3OD,1000,239,21,0,109,79,103,9,0,300
100305520,4,7/5/2018 14:02,362,118,44.1135,-52.65967,2018,645,H51,3OD,1000,52,5,0,58,208,33,1,0,300
100305521,5,7/5/2018 17:00,443,103.5,44.0595,-52.40917,2018,644,H51,3OD,1000,88,15,0,150,103,40,6,1,300
100305522,6,7/5/2018 20:08,527,536.5,43.90517,-52.57717,2018,650,H53,3OE,1000,62,30,0,94,165,27,12,2,300
100305534,18,7/12/2018 14:11,361,58,44.13017,-50.144,2018,623,H51,3NC,1000,191,13,0,127,101,67,4,0,299
100305536,20,7/13/2018 14:35,393,62.5,44.43933,-50.57833,2018,620,H51,3NC,1000,64,5,0,232,44,23,1,0,300
100305541,25,7/14/2018 14:00,360,64.5,44.12583,-50.529,2018,627,H51,3NC,1000,62,20,0,192,71,32,5,0,300
100305870,1,6/21/2018 14:49,406,177.75,42.695,-64.2965,2018,524,H12,4XN,990,268,1,0,15,208,70,0,3,296
100305873,4,6/22/2018 18:25,519,86.25,43.17083,-64.20217,2018,507,H11,4XN,960,3,4,2,212,80,2,3,1,300
100305876,7,6/23/2018 18:12,571,92,43.212,-64.25183,2018,506,H11,4XN,990,10,6,0,181,115,3,0,1,300
100305879,10,6/24/2018 20:18,523,241,43.60067,-63.774,2018,518,H12,4XN,1000,126,0,0,16,257,27,0,0,300
100305880,11,6/25/2018 14:25,380,142,43.3325,-63.42283,2018,519,H12,4XN,990,124,8,2,21,244,30,3,0,300
100305881,1,6/22/2018 15:12,362,66.25,45.16267,-65.7815,2018,502,H11,4XR,1000,111,1,0,48,217,34,0,1,300
100305882,2,6/22/2018 20:15,527,88.25,45.08333,-65.3325,2018,501,H11,4XR,1000,132,1,0,40,213,43,0,4,300
100305883,3,6/23/2018 15:34,443,85.75,45.01583,-65.6985,2018,503,H11,4XR,1000,115,5,1,65,199,31,2,2,300
100305884,4,6/23/2018 20:30,485,114.25,44.91433,-66.21217,2018,504,H11,4XR,1000,102,0,0,3,274,23,0,0,300
100305885,5,6/24/2018 17:47,582,83.75,43.92617,-66.62333,2018,509,H11,4XR,1000,10,16,0,74,214,6,6,0,300
100305886,6,6/24/2018 23:07,686,111.75,43.56867,-66.77183,2018,511,H11,4XR,1000,96,20,0,22,232,40,6,0,300
100305888,1,7/2/2018 15:00,372,30.5,43.9665,-59.4565,2018,534,H21,4WG,1000,5,4,0,65,233,0,2,0,300
100305896,9,7/4/2018 17:15,482,142.25,44.20383,-59.02967,2018,568,H32,4VC,1000,0,18,0,59,235,0,6,0,300
100305897,10,7/4/2018 21:02,534,88.5,44.10483,-58.73017,2018,564,H31,4VC,1000,0,0,0,277,23,0,0,0,300
100305898,11,7/5/2018 0:52,602,80,44.2095,-58.58117,2018,563,H31,4VC,1000,0,0,0,231,69,0,0,0,300
100305899,12,7/5/2018 14:45,375,63.5,44.57983,-58.26367,2018,562,H31,4VC,1000,9,7,0,202,91,3,4,0,300
100305903,1,7/9/2018 16:35,439,133,45.054,-58.9225,2018,560,H31,4VB,1000,0,0,0,80,220,0,0,0,300
100305904,2,7/9/2018 20:01,517,123.25,45.035,-58.66883,2018,559,H31,4VB,1000,2,1,0,187,113,0,0,0,300
100305906,4,7/10/2018 14:50,395,111.25,45.13133,-57.80717,2018,555,H31,4VC,1000,25,28,0,138,148,6,8,0,300
100305908,6,7/10/2018 20:30,563,450.75,45.27467,-57.56367,2018,576,H33,4VB,1000,6,27,0,133,157,1,9,0,300
100305909,7,7/13/2018 17:30,450,119,45.52767,-58.77683,2018,556,H31,4VB,1000,1,1,2,270,25,1,1,0,299
100305910,8,7/14/2018 16:24,400,107.5,45.00083,-58.41583,2018,558,H31,4VB,1000,1,0,0,267,32,1,0,0,300
100305911,9,7/14/2018 19:40,530,140.75,45.1455,-58.37367,2018,567,H32,4VB,1000,15,8,0,229,62,7,2,0,300
100305912,10,7/15/2018 15:05,397,356,45.52883,-57.82233,2018,575,H33,4VB,1000,6,3,0,106,192,1,0,0,299
100305918,16,7/16/2018 17:04,362,199.25,45.65233,-58.01433,2018,566,H32,4VB,1000,8,2,0,153,146,1,0,0,300
100306050,1,7/19/2018 18:38,589,81.25,45.42933,-51.889,2018,618,H51,3OB,1000,133,2,0,186,67,46,1,0,300
100306051,2,7/20/2018 0:58,699,73.5,45.937,-51.46517,2018,613,H51,3OB,1000,96,0,0,197,90,13,0,0,300
100306052,3,7/20/2018 17:11,442,74.75,45.577,-50.42983,2018,610,H51,3NA,1000,41,0,0,235,59,6,0,0,300
100306053,4,7/20/2018 21:08,552,79.75,45.80267,-50.2465,2018,608,H51,3NA,1000,37,0,0,247,38,15,0,0,300
100306054,5,7/21/2018 0:36,672,80.25,45.944,-50.33183,2018,607,H51,3NA,1000,43,0,0,193,78,29,0,0,300
100306055,6,7/21/2018 15:16,379,64.75,45.22617,-50.45983,2018,615,H51,3NA,1000,49,2,0,264,20,14,0,2,300
100306056,7,7/21/2018 20:36,528,60.5,45.38383,-50.01417,2018,609,H51,3NA,1000,16,0,0,166,125,9,0,0,300
100306057,8,7/22/2018 15:27,443,60.25,45.11983,-49.658,2018,611,H51,3NA,1000,39,0,0,276,22,2,0,0,300
100306058,9,7/22/2018 17:16,513,58.75,45.06133,-49.7175,2018,612,H51,3NA,1000,28,0,0,263,31,6,0,0,300
100306059,10,7/22/2018 21:10,583,57,44.923,-50.11633,2018,616,H51,3NA,1000,62,14,0,219,34,35,2,0,290
100306064,15,7/23/2018 22:18,613,68.75,44.92983,-51.18783,2018,619,H51,3OD,1000,46,3,0,261,14,24,1,0,300
100306065,16,7/23/2018 19:44,385,71,44.91783,-51.39683,2018,621,H51,3OD,1000,75,1,0,254,22,24,0,0,300
100306068,19,7/26/2018 14:51,386,86.5,44.41733,-52.34233,2018,637,H51,3OD,1000,57,2,0,272,15,13,0,0,300
100306070,21,7/26/2018 21:21,600,77.75,44.621,-52.15967,2018,631,H51,3OD,1000,559,2,0,196,14,90,0,0,300
100306071,22,7/27/2018 14:55,414,79,44.80683,-52.3915,2018,629,H51,3OD,1000,889,26,0,157,15,111,17,0,300
100306072,23,7/27/2018 19:40,515,101,45.0905,-52.65917,2018,628,H51,3OD,1000,28,0,0,281,14,5,0,0,300
100306093,1,7/28/2018 21:00,360,0,47.33383,-59.42383,2018,570,H33,4VN,998,2,0,0,220,80,0,0,0,300
100306094,1,8/1/2018 17:00,408,66.75,46.62,-59.6595,2018,554,H31,4VN,999,0,0,0,96,204,0,0,0,300
100306095,2,8/1/2018 23:30,595,0,46.87533,-59.26933,2018,572,H33,4VN,995,8,5,0,125,169,4,2,0,300
100306096,3,8/2/2018 3:40,716,0,46.71683,-59.11683,2018,573,H33,4VN,997,15,2,0,92,203,3,2,0,300
100306098,2,8/4/2018 17:20,413,208,46.22,-58.89017,2018,565,H32,4VN,998,5,10,0,83,211,4,2,0,300
100306103,3,6/16/2018 14:20,373,92.75,43.35467,-62.68017,2018,544,H21,4WM,1000,105,61,0,57,190,24,27,0,298
100306105,5,6/17/2018 14:32,377,155,43.92067,-61.81217,2018,541,H21,4WM,1000,24,1,2,84,206,7,0,0,299
100306109,9,6/20/2018 16:30,500,236.75,43.93583,-62.74267,2018,550,H22,4WM,1000,68,1,0,54,214,31,1,0,300
100306111,11,6/21/2018 3:00,705,228.5,43.56583,-63.1765,2018,551,H22,4WM,1000,26,0,0,46,243,11,0,0,300
100306113,2,7/2/2018 14:30,390,44.25,43.8275,-61.2765,2018,539,H21,4WH,1000,10,3,0,31,265,3,0,0,299
100306114,3,7/2/2018 20:36,537,42,43.83583,-60.80933,2018,538,H21,4WF,1000,2,0,0,10,290,0,0,0,300
100306115,4,7/3/2018 14:06,366,132.75,44.171,-59.965,2018,569,H32,4VS,1000,20,13,1,106,184,4,5,0,300
100306116,5,7/4/2018 14:06,363,62.5,44.179,-60.98633,2018,537,H21,4WE,1000,3,1,0,49,250,1,0,0,300
100306117,6,7/4/2018 18:38,497,104.5,44.40617,-60.96633,2018,536,H21,4WE,1000,10,8,0,55,243,1,1,0,300
100306118,7,7/5/2018 14:04,364,80.5,44.49617,-60.95033,2018,535,H21,4WE,1000,5,1,0,75,222,2,1,0,300
100306120,9,7/8/2018 14:07,361,139.25,44.86767,-61.43483,2018,532,H21,4WD,1000,1,4,0,227,72,0,1,0,300
100306121,10,7/8/2018 19:16,545,135.25,44.798,-61.27083,2018,533,H21,4WD,1000,2,8,0,228,68,2,2,0,300
100306123,12,7/9/2018 19:43,523,150.75,44.90667,-61.0385,2018,546,H22,4WD,1000,23,11,0,198,90,9,2,0,299
100306124,13,7/10/2018 14:20,377,82.25,45.03817,-60.468,2018,531,H21,4WD,1000,1,0,0,196,103,1,0,0,300
100306125,14,7/11/2018 14:02,362,153.5,44.1865,-62.15483,2018,548,H22,4WH,1000,130,1,0,74,196,30,0,0,300
100306128,17,7/15/2018 14:05,365,160.25,44.37633,-61.8735,2018,547,H22,4WH,1000,89,0,0,49,229,22,0,0,300
100306129,1,7/1/2018 14:02,360,94.5,42.55167,-65.564,2018,514,H11,4XP,1010,88,74,0,59,188,26,25,0,298
100306132,4,7/2/2018 14:04,361,98,42.64817,-65.188,2018,513,H11,4XN,1010,66,75,0,61,174,35,30,0,300
100306135,7,7/4/2018 14:15,373,165,43.227,-65.131,2018,523,H12,4XO,1010,70,4,0,14,259,22,2,3,300
100306136,8,7/4/2018 16:58,471,152.75,43.20883,-64.971,2018,522,H12,4XO,1010,53,10,0,42,235,20,2,1,300
100306137,9,7/4/2018 20:44,600,91.5,43.057,-64.80483,2018,510,H11,4XN,1010,29,51,0,77,196,11,16,0,300
100306138,10,7/5/2018 14:06,366,73.5,43.33117,-64.74833,2018,508,H11,4XO,1010,19,6,0,226,64,6,2,2,300
100306139,1,7/9/2018 16:00,375,553.25,43.48617,-60.01633,2018,552,H23,4WG,996,31,12,1,137,157,5,0,0,300
100306143,5,7/11/2018 15:02,422,80.75,43.34683,-61.67317,2018,543,H21,4WG,990,14,4,0,52,244,4,0,0,300
100306144,6,7/11/2018 18:58,553,76.5,43.3055,-61.41667,2018,542,H21,4WG,995,65,9,0,95,201,4,0,0,300
100306149,11,7/14/2018 14:05,360,284.75,42.98933,-61.76417,2018,553,H23,4WL,1000,57,19,0,124,155,20,1,0,300
100306150,12,7/15/2018 17:10,490,372.5,42.987,-61.6465,2018,652,H23,4WL,995,197,19,0,98,165,32,5,0,300
100306151,1,8/8/2018 15:50,425,105.25,43.476,-66.48467,2018,512,H11,4XQ,998,317,0,0,20,192,87,0,1,300
100306170,1,7/2/2018 14:50,405,106.75,46.77967,-55.84983,2018,583,H41,3PS,1000,60,2,0,9,263,26,2,0,300
100306171,2,7/2/2018 19:15,583,92.75,46.78733,-55.6415,2018,581,H41,3PS,1000,46,0,0,3,270,27,0,0,300
100306172,3,7/3/2018 14:48,407,151.75,46.585,-55.23617,2018,594,H42,3PS,1000,12,0,0,8,288,4,0,0,300
100306173,4,7/3/2018 19:31,467,113.5,46.709,-55.55333,2018,582,H41,3PS,1000,51,0,0,15,266,19,0,0,300
100306174,5,7/4/2018 14:01,360,82.5,46.862,-55.356,2018,580,H41,3PS,1000,57,2,0,8,259,31,2,0,300
100306175,1,7/16/2018 14:25,380,421,46.872,-58.60833,2018,603,H43,3PS,1000,4,1,0,63,232,3,0,0,298
100306176,2,7/16/2018 19:45,585,457,46.74817,-58.36133,2018,604,H43,3PS,1000,8,2,0,85,208,6,1,0,300
100306177,3,7/17/2018 14:35,375,463,46.329,-58.22533,2018,606,H43,3PS,1000,5,2,0,148,147,4,1,0,300
100306178,4,7/17/2018 19:45,535,461,46.5405,-57.9195,2018,605,H43,3PS,1000,3,0,0,95,203,2,0,0,300
100306184,1,7/14/2018 15:35,440,80.5,46.72467,-54.39233,2018,579,H41,3PS,1000,9,0,1,27,264,7,0,1,300
100306185,2,7/14/2018 22:30,620,167,46.9705,-54.3805,2018,592,H42,3PS,1000,0,0,0,37,263,0,0,0,300
100306186,3,7/15/2018 14:40,390,212.25,47.13417,-54.55517,2018,591,H42,3PS,1000,5,0,0,76,222,2,0,0,300
100306187,4,7/15/2018 20:05,565,62,47.28833,-54.59117,2018,578,H41,3PS,1000,2,0,0,248,50,1,0,1,300
100306188,1,7/13/2018 15:00,392,194.75,47.28367,-55.74117,2018,593,H42,3PS,1000,17,0,0,197,96,7,0,0,300
100306189,2,7/14/2018 14:01,361,207,47.371,-57.78167,2018,595,H42,3PS,1000,18,17,1,42,245,3,8,1,300
100306190,3,7/14/2018 19:17,528,80.75,47.10633,-57.946,2018,584,H41,3PS,999,90,10,0,51,225,22,1,1,300
100306191,4,7/15/2018 14:03,362,471,46.882,-58.17317,2018,601,H43,3PS,1000,9,0,0,26,271,3,0,0,300
100306197,2,7/19/2018 15:35,365,46.5,45.68367,-55.77683,2018,586,H41,3PS,1000,161,26,0,11,240,42,7,0,300
100306198,3,7/19/2018 20:30,605,51,45.75317,-55.85483,2018,585,H41,3PS,1000,172,32,0,8,241,41,10,0,300
100306199,4,7/20/2018 15:50,385,60,45.83817,-56.63083,2018,589,H41,3PS,1000,214,1,0,10,235,55,0,0,300
100306200,5,7/20/2018 22:50,690,48,46.01683,-56.5885,2018,587,H41,3PS,1000,75,11,0,28,246,23,3,0,300
100306886,1,7/25/2018 14:34,392,82,43.48367,-51.2755,2018,642,H51,3OE,1000,11,0,0,97,198,5,0,0,300
100306887,2,7/25/2018 17:00,488,82.5,43.42483,-51.2035,2018,643,H51,3OE,1000,9,0,0,94,203,3,0,0,300
100306888,3,7/26/2018 14:05,361,61,43.61533,-50.29283,2018,630,H51,3NC,999,9,0,0,163,132,5,0,0,300
100306889,4,7/26/2018 17:38,482,66,43.52367,-50.50317,2018,634,H51,3NC,999,6,0,0,144,153,3,0,0,300
100306890,5,7/26/2018 21:00,578,61.5,43.44767,-50.44333,2018,635,H51,3NE,1000,1,0,0,146,153,1,0,0,300
100306891,6,7/27/2018 14:01,361,61.5,43.2005,-49.76017,2018,632,H51,3NF,1000,1,0,0,204,95,1,0,0,300
100306892,7,7/27/2018 18:40,485,390.5,43.32983,-49.3965,2018,649,H53,3NF,999,34,8,0,113,164,18,3,1,299
100306893,8,7/28/2018 14:07,367,344.5,44.31767,-49.01183,2018,648,H53,3ND,985,48,5,3,54,209,24,1,8,299
100306894,9,7/28/2018 17:55,520,130.25,44.43333,-49.0505,2018,646,H52,3ND,1000,5,0,0,145,155,0,0,0,300
100306895,10,7/28/2018 21:54,656,68.5,44.58783,-49.1675,2018,614,H51,3ND,1000,5,0,0,74,225,1,0,0,300
100306896,11,7/29/2018 14:15,374,50,44.37317,-49.565,2018,617,H51,3NC,998,77,0,0,42,224,32,0,2,300
100307722,1,8/9/2018 14:05,364,197.5,47.54567,-58.5935,2018,596,H42,3PN,1000,25,9,0,23,262,13,2,0,300
100307723,2,8/9/2018 18:54,484,239.25,47.28,-58.46133,2018,598,H42,3PN,1000,90,7,0,14,239,43,2,0,298
100307724,3,8/12/2018 14:10,365,439,47.15317,-59.06917,2018,602,H43,3PN,1000,10,2,0,52,241,5,2,0,300
100307725,4,8/12/2018 18:50,490,407.5,47.17683,-58.585,2018,599,H43,3PN,1000,12,9,0,44,248,8,0,0,300
100307726,5,8/13/2018 14:01,361,395.25,47.1105,-58.42883,2018,600,H43,3PN,1000,13,3,0,18,279,3,0,0,300
100307727,6,8/13/2018 16:50,475,256.25,47.22983,-58.33383,2018,597,H42,3PN,1000,63,15,0,10,243,40,7,0,300
100307728,1,8/22/2018 17:00,392,86,45.77333,-53.20017,2018,624,H51,3OA,997,89,0,0,173,99,28,0,0,300
100307729,2,8/22/2018 21:45,587,86,45.78833,-53.122,2018,622,H51,3OA,1000,37,0,0,236,59,5,0,0,300
100307730,3,8/23/2018 14:42,401,78,45.62117,-52.93567,2018,625,H51,3OA,1000,26,2,0,167,121,10,1,1,300
100307731,4,8/23/2018 19:38,644,77.5,45.6335,-53.041,2018,626,H51,3OA,990,18,0,2,120,171,7,0,0,300
100307732,5,8/24/2018 14:32,371,77.5,45.26983,-53.681,2018,633,H51,3OA,1000,121,9,0,185,50,59,3,2,299
100307733,6,8/24/2018 19:52,507,84,45.19283,-53.95617,2018,638,H51,3OA,1000,40,0,0,248,40,12,0,0,300
100307736,9,8/26/2018 14:39,378,87.5,45.52133,-54.4285,2018,636,H51,3OA,983,0,0,0,233,65,0,0,2,300
100308931,2,6/24/2018 20:24,522,86.75,45.02383,-55.81033,2018,590,H41,3PS,1000,30,0,0,245,31,24,0,0,300
100308940,11,6/28/2018 15:26,445,154,44.493,-53.39017,2018,647,H52,3OC,1000,41,21,0,100,180,16,2,2,300
100308944,17,6/29/2018 18:42,540,133.75,44.42833,-53.0215,2018,653,H52,3OC,1000,31,9,0,63,214,17,6,0,300
100308948,21,6/30/2018 23:14,677,93.5,44.84267,-53.75183,2018,641,H51,3OC,1000,438,23,0,38,104,148,10,0,300
100308952,25,7/1/2018 23:05,713,100.25,45.17867,-54.86517,2018,588,H41,3PS,1000,20,0,0,219,81,0,0,0,300
100320208,6,5/30/2019 15:01,389,70,44.56783,-57.36633,2019,562,H31,4VC,1000,252,0,0,89,123,87,0,1,300
100320209,7,5/30/2019 18:18,499,331.5,44.607,-57.20333,2019,566,H32,4VC,1000,2,29,0,62,227,1,10,0,300
100320217,15,6/1/2019 17:08,504,412.75,44.68183,-56.71967,2019,577,H33,4VC,1000,47,25,0,153,113,19,10,5,300
100320611,2,6/16/2019 18:13,527,435,42.6415,-64.27183,2019,528,H13,4XN,996,88,9,3,137,121,28,0,11,300
100320612,3,6/17/2019 15:10,427,161,42.66733,-64.34017,2019,523.1,H12,4XN,1010,117,1,1,10,218,68,0,3,300
100320616,7,6/19/2019 14:45,398,92.5,43.13733,-64.2225,2019,510,H11,4XN,1007,14,2,0,175,118,5,1,1,300
100320618,9,6/20/2019 14:40,370,91,43.24183,-64.20667,2019,509,H11,4XN,1013,5,2,0,211,84,4,1,0,300
100320619,10,6/20/2019 18:50,470,161,43.50083,-64.192,2019,520,H12,4XN,1003,85,14,0,59,216,16,7,2,300
100321129,2,6/20/2019 17:41,442,92.5,44.47433,-52.60383,2019,639,H51,3OD,1000,333,56,0,72,72,139,17,0,300
100321139,12,6/22/2019 16:22,468,71.75,44.48333,-51.199,2019,624,H51,3OD,1000,246,14,0,162,56,77,5,0,300
100321140,13,6/22/2019 19:12,575,70.5,44.6115,-51.16533,2019,622,H51,3OD,1000,132,8,0,173,52,71,4,0,300
100321143,16,6/23/2019 14:02,361,52,44.61883,-49.94183,2019,615,H51,3NC,1000,60,3,0,207,47,43,3,0,300
100321147,20,6/24/2019 17:58,508,68,44.07783,-50.66317,2019,628,H51,3NC,1000,102,11,0,198,46,51,5,0,300
100321148,21,6/24/2019 20:01,603,67,44.06383,-50.738,2019,629,H51,3NC,1000,100,2,0,202,43,54,1,0,300
100321151,24,6/25/2019 16:38,424,81.5,43.8875,-51.51917,2019,640,H51,3OE,1000,33,0,0,267,21,12,0,0,300
100321153,26,6/25/2019 20:06,556,80,43.757,-51.424,2019,643,H51,3OE,1000,8,0,0,283,14,3,0,0,300
100321154,27,6/25/2019 21:54,620,79.5,43.66783,-51.3865,2019,644,H51,3OE,1000,47,0,0,258,25,17,0,0,300
100321155,28,6/26/2019 14:02,360,125,43.5995,-51.85433,2019,645,H51,3OE,1000,390,5,0,58,70,170,2,0,300
100321540,5,6/22/2019 20:39,367,501,45.98017,-57.84617,2019,575,H33,4VN,1000,7,1,5,65,220,4,1,5,300
100321548,13,6/24/2019 18:35,507,144,45.97467,-58.68683,2019,565,H32,4VN,1000,9,32,3,43,247,0,6,1,300
100321551,16,6/25/2019 19:15,483,140,45.88233,-59.06783,2019,557,H31,4VN,1000,8,8,1,52,233,6,5,3,300
100321552,17,6/25/2019 21:48,564,85.75,45.86183,-59.2955,2019,559,H31,4VN,1000,7,0,0,92,206,1,0,1,300
100321553,18,6/26/2019 14:53,367,64.5,46.056,-59.402,2019,556,H31,4VN,1000,6,0,4,35,259,1,0,1,300
100321555,20,6/26/2019 18:17,515,61.5,46.00683,-59.538,2019,558,H31,4VN,1000,4,0,1,71,225,0,0,3,300
100321956,1,6/8/2019 14:11,371,261,43.76667,-62.9475,2019,552,H23,4WL,1000,44,0,0,59,228,13,0,0,300
100321960,5,6/10/2019 14:07,366,81.75,43.64683,-62.53967,2019,537,H21,4WL,1000,3,162,0,187,54,0,58,0,299
100321962,7,6/11/2019 14:07,367,135.5,44.064,-62.54983,2019,550,H22,4WK,990,30,2,0,109,183,8,0,0,300
100321963,8,6/11/2019 17:39,526,161,44.09083,-62.4685,2019,549,H22,4WK,980,19,1,0,110,182,7,1,0,300
100321967,1,6/19/2019 15:36,393,237.5,43.90633,-63.50683,2019,518,H12,4XM,1000,74,0,0,32,242,26,0,0,300
100321968,2,6/19/2019 20:29,517,164.25,44.11033,-63.59483,2019,517,H12,4XM,1000,138,1,0,3,258,38,1,0,300
100321969,3,6/20/2019 16:05,414,93.25,44.22017,-63.45517,2019,504,H11,4XM,1000,16,5,0,191,102,5,2,0,300
100321970,4,6/20/2019 18:56,510,160.5,44.189,-63.37267,2019,505,H11,4XM,1000,20,17,0,15,273,9,3,0,300
100321971,5,6/21/2019 18:31,621,107.5,44.30917,-63.6795,2019,503,H11,4XM,1000,7,19,1,41,252,1,5,0,300
100321972,6,6/22/2019 0:55,680,43.25,44.11367,-64.34067,2019,507,H11,4XM,1000,7,7,0,253,41,3,2,1,300
100321973,7,6/23/2019 17:18,424,213,42.20283,-66.888,2019,527,H12,5ZJ,1000,31,0,0,3,284,9,0,4,300
100321974,8,6/24/2019 16:25,382,86.5,41.55583,-66.37133,2019,516,H11,5ZM,990,248,0,0,4,222,73,0,1,300
100321975,9,6/25/2019 18:13,512,101,42.082,-66.07083,2019,515,H11,5ZJ,1000,138,22,0,2,240,55,3,0,300
100322051,1,6/11/2019 22:15,390,48,43.83883,-66.31083,2019,511,H11,4XO,1000,8,24,0,28,260,1,11,0,300
100322052,2,6/12/2019 15:30,398,98.75,44.69667,-66.18033,2019,508,H11,4XR,997,13,0,0,17,283,0,0,0,300
100322053,3,6/12/2019 19:45,495,108.5,44.92667,-66.25667,2019,506,H11,4XR,1000,20,0,1,20,272,7,0,0,300
100322054,4,6/13/2019 16:35,437,58.25,45.2385,-65.50167,2019,502,H11,4XS,997,12,0,20,65,200,4,0,11,300
100322055,5,6/13/2019 21:45,542,53,45.21767,-64.78417,2019,501,H11,4XR,1000,148,0,2,23,233,40,0,2,300
100322059,1,6/18/2019 17:15,470,168.25,42.89183,-63.62833,2019,522,H12,4XN,1000,128,8,0,146,76,74,2,2,300
100322060,2,6/19/2019 18:00,524,112.5,43.02933,-62.67983,2019,542,H21,4WL,1000,137,27,0,108,138,46,8,0,300
100322062,4,6/20/2019 15:30,390,113.25,43.05483,-62.43833,2019,541,H21,4WL,1000,52,0,0,9,269,22,0,0,300
100322063,5,6/20/2019 18:32,507,107,43.09267,-62.52083,2019,540,H21,4WL,1000,7,1,0,26,272,2,0,0,300
100322065,7,6/21/2019 18:28,523,192.25,43.39317,-63.3575,2019,519,H12,4XN,1000,30,0,0,211,82,6,0,0,299
100322067,2,6/25/2019 16:36,426,189.25,44.31567,-59.2935,2019,568,H32,4VC,1000,3,20,0,33,261,0,6,0,300
100322072,7,6/26/2019 20:49,553,175.25,43.9535,-58.8245,2019,569,H32,4VC,1000,62,0,0,95,193,12,0,0,300
100322073,8,6/27/2019 16:50,465,71,44.54967,-58.90283,2019,563,H31,4VC,1000,11,1,2,52,242,3,1,0,300
100322074,9,6/27/2019 21:50,547,139,44.69267,-59.42883,2019,564,H31,4VC,1000,0,8,0,97,202,0,1,0,300
100322075,10,6/28/2019 15:56,386,84.5,45.20983,-58.78867,2019,560,H31,4VB,1000,1,0,0,97,203,0,0,0,300
100322076,11,6/28/2019 19:35,498,84.5,45.16017,-58.58433,2019,561,H31,4VB,997,0,0,1,42,257,0,0,0,300
100322077,12,6/29/2019 15:45,420,458,45.4025,-57.458,2019,576,H33,4VB,993,26,10,0,206,84,5,5,0,300
100322079,14,6/30/2019 18:20,500,179.25,45.42767,-59.48967,2019,567,H32,4VB,1000,0,27,1,204,91,0,4,0,300
100322080,15,7/1/2019 15:50,365,186.5,45.45683,-60.44983,2019,545,H22,4WD,1000,0,6,1,212,83,0,4,0,300
100322081,1,6/19/2019 14:01,360,70.5,43.328,-65.42933,2019,512,H11,4XO,1000,7,2,0,293,5,0,2,0,300
100322083,3,6/20/2019 14:04,361,121,43.11583,-65.43383,2019,513,H11,4XO,1000,6,8,0,139,148,12,1,0,300
100322087,7,6/22/2019 14:30,386,83,42.69533,-65.96233,2019,514,H11,4XN,1000,103,28,0,114,158,18,10,0,300
100322262,2,7/15/2019 17:25,495,111,44.03233,-61.60317,2019,534,H21,4WH,1008,13,2,0,3,352,5,0,0,360
100322264,4,7/16/2019 18:47,527,165.5,44.21933,-62.032,2019,548,H22,4WH,1020,200,0,0,18,325,16,0,0,359
100322265,1,7/4/2019 14:07,367,88.5,43.25283,-61.739,2019,538,H21,4WJ,1020,56,24,0,69,269,17,5,0,360
100322267,3,7/5/2019 14:55,415,110,43.81283,-61.98917,2019,539,H21,4WJ,1020,7,3,0,0,358,1,1,0,360
100322268,4,7/5/2019 20:30,544,60,43.66483,-61.4975,2019,536,H21,4WF,1008,0,1,0,110,250,0,0,0,360
100322269,5,7/6/2019 14:55,362,51.5,43.6905,-61.02433,2019,535,H21,4WF,1008,1,2,0,162,195,1,1,1,360
100322270,6,7/7/2019 14:50,405,79.5,44.387,-60.521,2019,530,H21,4WE,1000,2,1,0,116,243,1,0,0,360
100322271,7,7/7/2019 20:30,553,110,44.37167,-60.89417,2019,531,H21,4WE,1020,2,2,0,120,238,2,0,0,360
100322274,10,7/9/2019 14:15,367,62.5,45.17517,-61.23517,2019,533,H21,4WD,1008,10,0,0,284,69,6,0,1,360
100322275,11,7/10/2019 14:03,363,150,44.65533,-61.69417,2019,546,H22,4WH,1000,37,0,0,46,300,14,0,0,360
100322276,12,7/10/2019 18:30,494,158.5,44.5085,-61.89017,2019,547,H22,4WH,1000,15,0,0,0,356,4,0,0,360
100322277,13,7/11/2019 14:00,360,112.5,44.60133,-62.52067,2019,532,H21,4WK,1020,0,0,1,90,268,0,0,0,359
100322311,1,5/26/2019 20:10,652,99.5,46.9855,-60.37067,2019,554,H31,4VN,996,11,4,0,101,135,4,0,0,240
100322319,1,7/17/2019 14:30,387,0,47.118,-59.7725,2019,574,H33,4VN,998,33,0,0,33,258,9,0,0,300
100322320,2,7/17/2019 17:21,456,0,47.28633,-59.58067,2019,572,H33,4VN,997,3,0,0,98,201,1,0,0,300
100322321,3,7/17/2019 20:12,531,0,47.4105,-59.7225,2019,571,H33,4VN,999,10,0,0,26,271,3,0,0,300
100322324,3,7/21/2019 23:42,621,0,47.03267,-59.235,2019,573,H33,4VN,997,15,0,0,226,73,1,0,0,300
100322326,2,7/25/2019 21:30,540,0,47.67533,-60.02483,2019,570,H33,4VN,996,1022,0,0,37,137,125,0,0,299
100322349,3,6/28/2019 14:20,363,151.75,43.33683,-60.8355,2019,551,H22,4WJ,1000,186,0,0,137,120,43,0,0,300
100322351,5,6/29/2019 14:24,380,531,43.2275,-61.1415,2019,652.2,H23,4WJ,1000,214,24,0,74,191,22,11,0,298
100322352,6,6/29/2019 20:13,546,347.75,43.02183,-61.5705,2019,553,H23,4WJ,1000,201,6,0,22,255,20,0,0,297
100322353,7,6/30/2019 16:32,421,119.75,43.0105,-62.90067,2019,543,H21,4WL,1000,110,6,0,9,273,17,0,0,299
100322354,8,6/30/2019 18:53,512,130,42.97767,-62.86333,2019,544,H21,4WL,1000,93,14,0,1,285,14,0,0,300
100322359,1,7/11/2019 16:35,417,188.75,44.23067,-66.81233,2019,521,H12,4XR,997,97,0,0,1,274,22,0,3,300
100322360,2,7/12/2019 15:46,416,215.5,43.54633,-67.14567,2019,524,H12,4XR,999,109,0,0,1,232,66,0,1,300
100322361,3,7/12/2019 21:30,545,229.25,43.32033,-67.55083,2019,525,H12,4XQ,996,216,0,0,0,265,35,0,0,300
100322362,4,7/13/2019 16:26,392,211.25,42.924,-66.99883,2019,526,H12,4XQ,999,247,0,0,0,216,83,0,1,300
100322363,5,7/13/2019 22:03,521,304,42.579,-67.0405,2019,529,H13,4XP,996,25,0,0,27,259,14,0,0,300
100322364,6,7/14/2019 15:06,391,261.75,42.61767,-67.3935,2019,651,H13,4XP,997,129,0,0,27,213,60,0,0,300
100322376,12,6/11/2019 16:41,482,400.5,45.0495,-56.51033,2019,606,H43,4VB,1000,6,8,1,89,193,8,5,4,300
100322439,25,7/1/2019 14:02,361,148.5,45.99,-54.06167,2019,653,H52,3OA,1000,0,0,0,270,27,0,0,3,300
100322442,28,7/2/2019 15:50,390,86.25,44.97467,-52.896,2019,635,H51,3OD,1000,23,0,0,294,5,1,0,0,300
100322443,29,7/2/2019 20:14,479,97.5,44.69417,-53.03933,2019,642,H51,3OC,1000,23,1,0,275,17,8,0,0,300
100322475,26,7/18/2019 14:44,401,55.25,44.35183,-49.177,2019,614,H51,3ND,1000,10,0,0,236,55,8,0,1,300
100322476,27,7/18/2019 18:36,524,47.75,44.20283,-49.394,2019,617,H51,3ND,1000,6,0,0,267,29,4,0,0,300
100322477,28,7/18/2019 23:07,638,140,44.16083,-49.088,2019,647,H52,3ND,1000,6,0,0,285,11,3,0,1,300
100322478,29,7/19/2019 15:20,440,71.5,43.97417,-49.19117,2019,619,H51,3ND,1000,9,0,0,226,64,10,0,0,300
100322479,30,7/19/2019 20:52,559,406,43.61233,-49.28583,2019,648.2,H53,3ND,1000,15,67,0,214,75,11,0,0,300
100322480,31,7/20/2019 14:46,405,375.5,43.32917,-49.37933,2019,649,H53,3ND,1000,49,47,1,203,91,0,1,3,299
100322481,32,7/20/2019 20:40,583,59.5,43.27933,-49.82983,2019,634,H51,3NF,1000,8,0,0,250,50,0,0,0,300
100322482,33,7/21/2019 16:04,482,71,43.26817,-50.4085,2019,638,H51,3NE,1000,39,1,2,228,37,0,0,3,270
100322483,34,7/21/2019 18:20,576,69.25,43.277,-50.34033,2019,637,H51,3NE,1000,52,0,0,210,27,3,0,0,240
100322484,35,7/21/2019 23:17,662,61.25,43.68517,-50.33117,2019,632,H51,3NE,1000,75,0,0,212,78,10,0,0,300
100322503,1,6/30/2019 14:30,370,65.5,47.348,-55.90383,2019,579,H41,3PS,1000,6,0,0,194,105,1,0,0,300
100322504,2,6/30/2019 20:10,520,114.5,47.08767,-55.927,2019,581,H41,3PS,1000,166,1,0,61,192,47,0,0,300
100322505,3,7/3/2019 15:00,360,208.5,47.27667,-55.46183,2019,591,H42,3PS,1000,18,0,0,217,76,7,0,0,300
100322506,4,7/5/2019 15:00,360,339.5,47.4275,-56.3735,2019,599,H43,3PS,1000,32,7,0,72,214,11,3,0,300
100322507,1,7/5/2019 14:10,370,143.75,46.63183,-55.5495,2019,593,H42,3PS,988,5,0,0,97,202,1,0,0,300
100322508,2,7/5/2019 20:30,575,170,46.46033,-55.09683,2019,592,H42,3PS,986,5,0,0,47,250,3,0,0,300
100322509,3,7/6/2019 16:25,505,81.75,46.5715,-54.3115,2019,580,H41,3PS,988,8,0,0,116,180,4,0,0,300
100322510,4,7/6/2019 23:10,680,291.25,46.27217,-54.87017,2019,594,H42,3PS,986,22,0,0,37,257,6,0,0,300
100322511,5,7/7/2019 14:10,365,109.25,46.2405,-55.79367,2019,582,H41,3PS,984,24,0,0,81,210,9,0,0,300
100322512,6,7/7/2019 19:20,570,151.5,46.43633,-55.72583,2019,595,H42,3PS,988,20,0,0,161,129,10,0,0,300
100322513,7,7/8/2019 14:05,365,173.25,47.01867,-55.02333,2019,578,H41,3PS,988,23,0,0,208,80,12,0,0,300
100322514,1,7/15/2019 14:15,360,372,44.98383,-55.22417,2019,604,H43,3PS,1000,47,0,0,83,203,14,0,0,300
100322515,2,7/16/2019 14:05,360,46.5,45.4705,-54.846,2019,588,H41,3PS,1000,14,0,0,62,231,7,0,0,300
100322516,3,7/17/2019 14:00,360,38.25,45.91533,-55.69433,2019,587,H41,3PS,1000,116,0,0,205,46,49,0,0,300
100322518,2,7/11/2019 15:10,400,56.5,46.32917,-56.73383,2019,586.1,H41,3PS,990,220,3,0,46,185,68,1,0,300
100322519,3,7/12/2019 14:15,365,58,46.61767,-57.315,2019,589,H41,3PS,997,159,18,0,155,94,44,7,0,300
100322520,4,7/15/2019 14:10,365,63,45.79483,-56.66917,2019,590,H41,3PS,1000,151,1,0,52,207,40,0,0,299
100322584,1,7/16/2019 16:30,400,103.25,45.75183,-53.7305,2019,626,H51,3OA,998,7,0,0,12,284,4,0,0,300
100322585,2,7/16/2019 21:25,520,74,45.473,-53.448,2019,631,H51,3OA,999,151,6,0,9,231,56,3,1,300
100322586,3,7/17/2019 15:40,440,89,45.96717,-52.92583,2019,620,H51,3OB,998,2,0,0,3,297,0,0,0,300
100322587,4,7/17/2019 21:55,595,85,45.86733,-52.31483,2019,616,H51,3OB,999,48,0,0,6,276,18,0,0,300
100322588,5,7/18/2019 22:10,820,78.25,45.22083,-52.30983,2019,623,H51,3OB,998,137,2,0,19,222,59,0,0,300
100322589,6,7/18/2019 17:15,365,69.5,45.08217,-51.9055,2019,621,H51,3OB,999,110,4,0,9,247,43,1,0,300
100322590,7,7/20/2019 19:25,365,463,46.328,-57.98117,2019,603.1,H43,3PS,999,10,1,0,13,284,3,0,0,300
100323367,3,7/5/2019 18:15,420,95.5,46.734,-59.93833,2019,555,H31,4VN,1000,2,2,0,222,145,1,2,0,370
100334087,5,6/15/2020 15:30,449,92.5,42.5225,-65.76383,2020,513,H11,4XN,997,17,21,0,125,153,6,16,0,300
100334092,10,6/17/2020 14:02,359,156.5,42.90883,-65.74067,2020,524,H12,4XN,993,159,0,0,69,162,69,0,0,300
100334285,1,6/13/2020 14:20,379,154,44.33333,-67.1175,2020,517,H12,5YB,997,14,0,0,8,288,4,0,0,300
100334288,4,6/14/2020 14:48,388,128.25,44.479,-66.247,2020,501,H11,4XR,997,0,0,0,3,297,0,0,0,300
100334291,7,6/15/2020 15:37,456,65,43.82483,-66.464,2020,508,H11,4XQ,1003,1,6,1,76,223,0,0,0,300
100334292,8,6/15/2020 19:47,587,46.5,44.02017,-66.30767,2020,506,H11,4XR,1003,5,5,0,7,291,2,0,0,300
100334293,9,6/15/2020 23:05,684,50.5,44.21783,-66.31117,2020,503,H11,4XR,1007,0,2,1,10,288,0,1,0,300
100334294,10,6/16/2020 16:28,508,55.75,43.75867,-66.272,2020,509,H11,4XQ,1013,7,2,0,4,291,4,1,0,300
100334295,11,6/16/2020 21:23,611,101.75,43.532,-66.61417,2020,510,H11,4XQ,1003,59,1,0,3,261,36,0,0,300
100334296,12,6/17/2020 14:50,390,178,43.65683,-67.255,2020,523,H12,4XQ,1000,56,0,0,23,263,13,0,0,299
100334297,13,6/17/2020 18:48,528,188,43.78633,-67.2785,2020,522,H12,4XQ,990,28,0,0,11,279,8,0,2,300
100334298,14,6/17/2020 22:00,630,151.75,43.85633,-67.13117,2020,520,H12,5YB,997,3,0,0,14,285,1,0,0,300
100334299,15,6/18/2020 14:50,410,56.5,43.37967,-66.37933,2020,511,H11,4XQ,1007,42,3,0,37,254,5,3,1,300
100334967,3,6/14/2020 14:00,360,100,43.18417,-62.43783,2020,544,H21,4WL,1000,39,23,0,211,56,28,5,0,300
100334973,9,6/17/2020 14:00,360,166.5,44.45267,-61.86767,2020,547,H22,4WH,1000,46,2,0,72,101,6,0,1,180
100334974,10,6/17/2020 17:40,529,182.75,44.37217,-61.986,2020,548,H22,4WH,1000,119,1,1,88,179,31,0,1,300
100334975,11,6/18/2020 14:00,360,125,44.13517,-62.08217,2020,540,H21,4WH,1000,0,0,0,36,264,0,0,0,300
100334978,3,6/14/2020 14:11,361,132,43.42567,-60.54667,2020,551,H22,4WJ,1000,75,0,0,39,234,26,0,1,300
100334980,5,6/15/2020 15:31,436,101,43.1815,-61.4555,2020,542,H21,4WJ,1000,57,1,0,33,248,19,0,0,300
100334981,6,6/15/2020 19:00,579,86,43.2035,-61.60567,2020,543,H21,4WJ,1000,95,0,0,136,138,26,0,0,300
100334982,7,6/16/2020 14:32,377,727,42.88667,-61.94433,2020,552,H23,4WJ,1000,17,3,0,90,203,5,0,2,300
100334983,8,6/16/2020 19:05,540,635.5,42.879,-62.23083,2020,553,H23,4WJ,1000,36,28,0,81,203,11,1,4,300
100334988,1,6/12/2020 18:54,451,148,42.90517,-66.08967,2020,525,H12,4XO,997,200,0,0,54,186,56,0,4,300
100334989,2,6/13/2020 18:43,486,196.25,43.14533,-67.286,2020,526,H12,4XQ,1000,187,0,0,7,223,70,0,0,300
100334990,3,6/14/2020 18:03,442,213,42.618,-66.80733,2020,527,H12,4XP,1000,183,0,0,6,238,54,0,2,300
100334991,4,6/14/2020 22:52,540,271,42.65067,-67.30083,2020,651,H13,4XP,1000,205,0,0,18,211,70,0,1,300
100334992,5,6/15/2020 17:38,463,292,42.32733,-67.17783,2020,528.1,H13,5ZJ,1000,226,0,0,8,218,71,0,3,300
100334993,6,6/15/2020 23:30,610,69.5,42.05117,-66.87467,2020,514,H11,5ZJ,1000,255,0,0,32,194,74,0,0,300
100334994,7,6/16/2020 18:16,482,78.25,41.884,-66.50967,2020,515,H11,5ZJ,1000,38,10,0,56,228,12,1,3,300
100334995,8,6/17/2020 0:28,621,91.5,41.47233,-66.34633,2020,516,H11,5ZM,1000,88,0,0,9,260,30,0,1,300
100334996,9,6/17/2020 19:34,502,534.25,41.76633,-65.73067,2020,529,H13,5ZM,1000,93,4,0,58,208,33,0,1,300
100334997,10,6/18/2020 17:20,414,121.5,42.405,-65.1615,2020,512,H11,4XN,1000,185,2,0,5,225,68,0,2,300
100334998,11,6/19/2020 18:16,474,173,42.89,-63.54867,2020,519,H12,4XN,1000,98,6,0,181,83,33,1,2,300
100334999,12,6/19/2020 22:15,589,158.5,42.93567,-63.384,2020,518.1,H12,4XN,1000,186,5,0,141,104,53,0,2,300
100335016,2,7/6/2020 17:00,476,380.75,45.70183,-57.91083,2020,575.1,H33,4VN,1000,1,5,2,124,173,1,0,0,300
100335017,3,7/7/2020 16:00,475,408.75,46.50467,-58.71917,2020,572.2,H33,4VN,1000,41,36,3,85,191,8,13,0,300
100335018,4,7/7/2020 21:30,597,153,46.00767,-58.76933,2020,566.2,H32,4VN,1000,2,10,1,67,231,1,0,0,300
100335019,5,7/8/2020 14:52,405,88.25,46.01617,-59.0875,2020,557.3,H31,4VN,1000,1,1,4,126,169,1,0,0,300
100335020,6,7/8/2020 19:10,488,124,45.7685,-59.58883,2020,558.3,H31,4VN,1000,0,4,5,158,137,0,0,0,300
100335021,1,6/24/2020 14:27,380,288,44.1625,-59.16233,2020,652,H23,4WG,1000,8,2,0,71,226,3,0,0,300
100335023,3,6/24/2020 20:39,592,257,44.06383,-59.13017,2020,545,H22,4WG,1000,9,23,0,47,250,3,0,0,300
100335024,4,6/25/2020 17:38,405,168,44.652,-59.3465,2020,564,H31,4VS,1000,3,2,0,71,228,0,0,1,300
100335025,5,6/26/2020 16:05,401,87,44.68283,-58.6005,2020,561,H31,4VS,1000,1,0,0,228,71,1,0,0,300
100335026,6,6/26/2020 21:06,540,64,44.492,-58.4415,2020,563,H31,4VS,1000,7,9,0,220,76,1,1,2,300
100335027,7,6/27/2020 17:12,427,134.5,44.36033,-57.98317,2020,562,H31,4VS,1000,16,4,0,173,120,4,0,3,300
100335028,8,6/28/2020 17:19,424,452.5,45.39533,-57.58317,2020,576,H33,4VS,1000,6,2,0,186,107,2,0,5,300
100335029,9,6/29/2020 16:43,440,73,45.2835,-58.45717,2020,559,H31,4VS,1000,0,0,0,151,146,0,0,3,300
100335030,10,6/29/2020 21:14,494,258,45.55233,-58.59283,2020,567,H32,4VS,1000,16,9,0,179,108,7,3,3,300
100335031,11,6/30/2020 19:22,587,91,45.13967,-58.99683,2020,560,H31,4VS,1000,0,0,0,174,123,0,0,3,300
100335032,12,7/1/2020 0:23,619,165,45.54233,-59.24533,2020,568,H32,4VS,1000,0,1,0,97,81,0,1,1,180
100335033,13,7/1/2020 17:48,410,80.5,45.632,-60.17517,2020,530,H21,4WD,1000,1,0,0,268,31,1,0,0,300
100335034,14,7/2/2020 16:25,470,189,44.91683,-60.6565,2020,532.2,H21,4WD,1000,0,8,0,168,129,0,2,1,300
100335035,15,7/2/2020 21:01,497,84.5,45.22067,-60.88633,2020,531,H21,4WD,1000,0,2,0,245,51,0,1,3,300
100335292,3,6/4/2020 18:38,420,247.75,44.34233,-57.5495,2020,569,H32,4VC,1000,99,28,0,83,172,37,8,0,300
100335310,21,6/8/2020 14:06,366,425.25,44.83,-56.87817,2020,577,H33,4VC,1000,26,8,1,113,174,9,3,0,300
100335350,1,6/26/2020 15:06,426,91.25,45.10533,-52.784,2020,632,H51,3OB,1000,111,0,0,189,85,26,0,0,300
100335351,2,6/26/2020 17:48,511,92.25,44.95183,-52.85617,2020,634,H51,3OD,1000,298,0,0,135,74,91,0,0,300
100335352,3,6/26/2020 21:23,598,93.75,44.69867,-52.9695,2020,638,H51,3OD,1000,43,0,2,156,128,14,0,0,300
100335353,4,6/27/2020 14:41,400,91,44.60733,-52.77283,2020,637,H51,3OD,1000,188,3,0,101,147,51,0,0,299
100335354,5,6/27/2020 17:45,481,94,44.43717,-52.59667,2020,640,H51,3OD,1000,183,2,0,130,110,59,1,0,300
100335358,9,6/28/2020 15:51,448,81.25,44.36833,-51.94283,2020,635,H51,3OD,1000,179,4,0,86,119,92,3,0,300
100335366,17,6/30/2020 14:00,360,62,44.009,-50.61717,2020,629,H51,3NC,1000,170,0,0,140,112,47,0,0,299
100335372,23,7/1/2020 18:18,456,85.5,43.68567,-51.58333,2020,643,H51,3OD,1000,53,0,1,200,67,32,0,0,300
100335374,25,7/2/2020 16:18,446,105,43.85167,-52.17783,2020,645,H51,3OE,1000,34,9,0,162,113,22,3,0,300
100335379,30,7/3/2020 17:14,507,634.5,43.54533,-52.06117,2020,650,H53,3OE,1000,73,22,0,121,141,28,10,0,300
100336331,3,6/10/2020 22:50,662,373.25,46.87883,-59.6935,2020,573,H33,4VN,998,24,0,0,58,224,18,0,0,300
100336333,2,6/14/2020 17:45,515,224.25,47.22933,-60.23583,2020,565,H32,4VN,1000,10,7,0,132,160,7,1,0,300
100336335,1,6/17/2020 14:10,365,0,47.1425,-59.3695,2020,571,H33,4VN,1000,70,3,0,109,173,16,1,0,299
100336337,2,6/24/2020 15:03,391,0,47.736,-60.0145,2020,570,H33,4VN,1000,54,4,0,64,198,37,0,0,299
100336339,2,7/18/2020 22:30,630,59.5,46.5545,-59.834,2020,554,H31,4VN,999,1,0,0,53,245,1,0,0,299
100336340,3,7/19/2020 1:10,710,51,46.42583,-59.9485,2020,555,H31,4VN,1000,4,0,2,96,197,2,0,0,297
100336341,1,7/22/2020 16:02,362,103.75,46.5525,-60.34283,2020,556,H31,4VN,1000,2,1,0,138,160,2,0,0,300
100336456,1,6/16/2020 14:35,390,146.75,43.13517,-65.1525,2020,521,H12,4XO,1000,27,5,0,108,168,17,4,0,297
100336459,4,6/17/2020 14:37,392,42,43.62317,-65.04183,2020,505,H11,4XO,1000,8,1,1,249,49,1,0,0,300
100336461,6,6/18/2020 14:41,387,136.5,43.6525,-64.668,2020,504,H11,4XO,1000,7,11,1,182,114,1,2,0,300
100336464,9,6/19/2020 16:20,480,68.75,43.3875,-64.70233,2020,507,H11,4XO,1000,0,2,0,248,51,0,1,0,300
100336467,12,6/20/2020 17:55,500,129.5,43.493,-64.0515,2020,502,H11,4XN,1000,13,11,2,211,81,4,2,0,300
100336470,2,6/28/2020 14:16,361,46.5,43.796,-60.502,2020,537.2,H21,4WF,1000,1,2,0,79,219,0,2,0,300
100336471,3,6/29/2020 14:02,362,41.5,44.50183,-60.44133,2020,533,H21,4WE,1000,65,0,0,188,112,0,0,0,300
100336472,4,6/30/2020 14:00,360,70,44.3575,-60.32133,2020,534,H21,4WE,1000,4,1,0,42,257,1,0,0,300
100336473,5,6/30/2020 18:45,515,164.5,44.2065,-60.26933,2020,546,H22,4WE,1000,2,6,0,26,273,1,0,0,300
100336476,8,7/2/2020 14:06,363,56.5,43.89967,-61.55033,2020,541,H21,4WH,1000,0,55,2,95,189,0,13,1,300
100336479,11,7/4/2020 14:05,364,127.5,44.77817,-61.886,2020,535,H21,4WH,1000,1,6,1,157,141,1,0,0,300
100336480,1,7/6/2020 14:50,365,122.25,44.4785,-63.014,2020,539,H21,4WK,1000,28,2,1,133,154,11,1,0,300
100336481,2,7/6/2020 20:43,545,153.5,44.43367,-62.60267,2020,549,H22,4WK,1000,99,6,1,23,246,29,1,0,300
100336482,3,7/7/2020 14:50,383,121,44.67733,-62.29483,2020,536,H21,4WK,1000,3,10,2,122,169,3,4,0,300
100336483,4,7/7/2020 20:16,520,103.75,44.58167,-62.65617,2020,538,H21,4WK,1000,7,5,1,136,136,0,0,2,275
100336484,5,7/8/2020 20:10,365,143.5,44.0645,-61.69417,2020,550,H22,4WH,1000,23,0,0,34,257,9,0,0,300
100336561,1,7/22/2020 14:42,401,411,45.18167,-56.70117,2020,606,H43,3PS,1000,12,9,0,217,71,11,1,0,300
100336578,18,7/26/2020 15:52,377,608,44.3715,-53.32567,2020,649,H53,3OC,1000,0,25,0,234,43,20,3,0,300
100336642,4,6/29/2020 17:57,450,102,45.7655,-52.89917,2020,626,H51,3OB,1000,4,0,0,223,76,1,0,0,300
100336643,5,6/29/2020 21:28,523,99.5,45.58283,-52.64467,2020,628,H51,3OB,1000,6,0,0,218,79,3,0,0,300
100336644,6,6/30/2020 0:13,624,93.5,45.57567,-52.46833,2020,624,H51,3OB,1000,15,0,0,237,51,12,0,0,300
100336645,7,6/30/2020 15:58,404,84.75,45.48533,-52.04817,2020,623,H51,3OB,1000,25,1,0,217,58,25,0,0,300
100336646,8,6/30/2020 20:43,511,80,45.48,-51.5425,2020,618,H51,3OB,1000,6,1,0,223,57,20,0,0,300
100336647,9,7/1/2020 14:14,374,73.25,45.69467,-51.52267,2020,617,H51,3OB,1000,13,0,0,267,24,8,0,0,299
100336648,10,7/1/2020 17:11,505,81.75,45.75217,-51.46083,2020,614,H51,3OB,1000,28,0,0,248,33,19,0,0,300
100336649,11,7/2/2020 14:32,360,64.5,45.75467,-49.12733,2020,609,H51,3NB,1000,24,0,0,245,48,7,0,0,300
100336650,12,7/2/2020 17:57,494,67.5,45.86467,-48.993,2020,607,H51,3NB,1000,7,0,0,169,125,5,0,0,299
100336651,13,7/2/2020 21:47,605,75.25,45.7485,-48.81167,2020,608,H51,3NB,1000,0,0,0,211,83,5,0,1,300
100336652,14,7/3/2020 20:06,715,79,45.39567,-49.0055,2020,611,H51,3NB,1000,4,0,0,247,53,0,0,0,300
100336653,15,7/3/2020 16:20,366,149,45.49167,-48.73867,2020,646,H52,3NB,1000,25,0,0,255,33,12,0,0,300
100336654,16,7/4/2020 14:05,364,64.75,45.56833,-49.288,2020,610,H51,3NA,1000,20,0,0,249,43,8,0,0,300
100336668,30,7/9/2020 20:02,636,120.75,44.475,-53.149,2020,653,H52,3OC,1000,25,0,0,130,154,16,0,0,300
100337749,1,7/13/2020 18:00,570,29.75,46.117,-56.64133,2020,590,H41,3PS,1000,104,19,0,101,115,78,6,0,300
100337750,2,7/14/2020 0:55,710,227.5,45.58233,-56.99767,2020,604,H43,3PS,1000,36,2,0,81,210,8,1,0,300
100337751,3,7/14/2020 3:25,810,235,45.57667,-57.12983,2020,605,H43,3PS,1000,15,9,0,123,168,9,0,0,300
100337752,4,7/14/2020 19:35,365,37.25,46.014,-56.02683,2020,588,H41,3PS,1000,96,1,0,211,60,29,0,0,300
100337753,5,7/15/2020 0:30,520,30,45.76183,-55.77617,2020,589,H41,3PS,1000,98,7,0,198,70,30,2,0,300
100337754,6,7/15/2020 16:00,430,68.75,46.1075,-55.20217,2020,585,H41,3PS,1000,7,1,0,106,190,4,0,0,300
100337755,7,7/15/2020 21:20,560,84,46.41467,-55.46867,2020,597,H42,3PS,1000,18,0,0,80,214,6,0,0,300
100337756,8,7/16/2020 16:50,525,83.75,46.5375,-54.69817,2020,594,H42,3PS,1000,1,0,0,115,184,1,0,0,300
100337757,9,7/16/2020 20:35,605,100.75,46.26133,-54.842,2020,596,H42,3PS,1000,3,0,0,49,250,1,0,0,300
100337758,10,7/16/2020 23:30,690,47,46.0575,-54.8025,2020,584,H41,3PS,1000,82,0,0,106,175,19,0,0,300
100337759,11,7/18/2020 13:50,380,40.5,47.07033,-57.87167,2020,586,H41,3PS,1000,50,8,0,66,215,16,3,0,300
100337760,12,7/18/2020 15:45,455,43.75,47.0325,-57.931,2020,587,H41,3PS,1000,41,6,0,48,227,23,2,0,300
100337761,13,7/18/2020 17:45,525,133.5,47.027,-58.07167,2020,598,H42,3PS,1000,40,6,0,122,156,22,0,0,300
100337762,14,7/19/2020 13:30,360,144.25,47.24017,-57.1635,2020,600,H43,3PS,1000,32,4,0,66,225,9,0,0,300
100337763,1,7/22/2020 14:13,371,263.5,47.562,-56.2715,2020,599,H43,3PS,1000,69,3,0,144,131,24,0,1,300
100337764,2,7/22/2020 19:00,433,166,47.419,-56.06483,2020,582,H41,3PS,1000,22,6,0,138,156,4,2,0,300
100337765,3,7/23/2020 14:18,361,102.5,47.187,-55.557,2020,581,H41,3PS,1000,59,0,0,158,125,16,0,1,300
100337766,1,7/13/2020 21:20,380,87.5,47.14817,-55.01383,2020,580,H41,3PS,1000,95,1,0,226,52,21,1,0,300
100337767,2,7/14/2020 14:30,390,205.75,47.08417,-54.42033,2020,591,H42,3PS,1000,4,0,0,69,227,3,0,1,300
100337768,3,7/14/2020 18:30,415,97.75,47.2155,-54.42033,2020,579,H41,3PS,1000,43,0,0,243,51,6,0,0,300
100337769,4,7/15/2020 15:35,410,48.75,47.47633,-53.95817,2020,578,H41,3PS,1000,39,0,0,182,104,14,0,0,300
100337770,5,7/16/2020 19:00,380,243.5,46.79233,-54.84767,2020,592,H42,3PS,1000,5,0,0,8,291,1,0,0,300
100337771,6,7/16/2020 22:05,410,240.25,46.76583,-54.88033,2020,593,H42,3PS,1000,1,0,0,1,298,1,0,0,300
100337772,7,7/17/2020 14:10,370,139.5,46.66717,-55.15017,2020,595,H42,3PS,1000,40,0,0,39,247,13,0,1,300
100337773,8,7/17/2020 17:30,455,117.75,46.704,-55.30833,2020,583,H41,3PS,1000,51,0,0,28,248,24,0,0,300
100337774,1,7/23/2020 15:35,450,56,44.715,-50.3235,2020,620,H51,3NC,1000,99,2,0,232,26,41,1,0,300
100337775,2,7/23/2020 20:05,635,55,44.5885,-50.27133,2020,621,H51,3NC,1000,93,37,0,214,37,37,12,0,300
100337776,3,7/24/2020 14:05,365,63,44.89283,-49.80917,2020,613,H51,3NC,1000,13,2,0,136,155,9,0,0,300
100337777,4,7/24/2020 18:50,545,70.5,44.9255,-49.57367,2020,612,H51,3NC,1000,2,0,0,72,226,1,0,1,300
100337778,5,7/25/2020 15:10,395,49.5,44.5395,-50.0075,2020,619,H51,3NC,1000,118,0,0,219,37,44,0,0,300
100337779,6,7/25/2020 20:55,520,58,44.54733,-49.44317,2020,615,H51,3ND,1000,33,0,0,119,170,10,0,1,300
100337780,7,7/26/2020 15:30,450,57.5,44.50533,-49.40833,2020,616,H51,3ND,1000,19,0,0,126,169,5,0,0,300
100337781,8,7/26/2020 21:10,580,48,44.2475,-49.65983,2020,622,H51,3NC,1000,89,0,0,186,78,36,0,0,300
100337782,9,7/27/2020 14:30,380,54,43.95417,-49.70567,2020,627,H51,3NC,1000,145,7,0,172,66,58,3,1,300
100337783,10,7/27/2020 19:30,585,49,43.84683,-49.52167,2020,625,H51,3NC,1000,24,0,0,220,72,6,0,2,300
100337784,11,7/28/2020 15:30,375,59.25,43.66683,-50.049,2020,630,H51,3NC,1000,7,4,0,284,11,4,0,1,300
100337785,12,7/28/2020 20:30,530,58.5,43.55833,-50.28067,2020,633,H51,3NC,1000,29,0,0,249,37,14,0,0,300
100337786,13,7/29/2020 15:10,415,178.75,43.05917,-49.76867,2020,647,H52,3NF,1000,83,25,0,191,58,41,10,0,300
100337787,14,7/29/2020 20:45,540,71.5,43.08767,-50.25933,2020,639,H51,3NE,1000,4,0,0,282,17,1,0,0,300
100337788,15,7/30/2020 14:25,365,88,43.07217,-50.4885,2020,642,H51,3NE,1000,46,0,0,262,25,13,0,0,300
100337789,16,7/30/2020 19:35,545,114,43.06533,-50.816,2020,644,H51,3NE,1000,39,0,0,242,44,12,0,2,300
100337790,17,7/31/2020 14:30,380,77,43.41683,-51.11933,2020,641,H51,3OE,1000,89,9,0,257,14,29,0,0,300
100337791,18,7/31/2020 20:45,565,75.5,43.776,-51.08567,2020,636,H51,3OE,1000,111,8,0,187,70,41,1,0,299
100337792,19,8/1/2020 14:35,365,60,43.81183,-50.316,2020,631,H51,3NC,1000,25,2,0,263,23,14,0,0,300
100337793,1,7/7/2020 14:40,395,263.5,47.23333,-58.35483,2020,601,H43,3PN,1000,155,9,0,0,245,51,4,0,300
100337794,2,7/11/2020 15:05,365,449.5,47.0775,-58.674,2020,603,H43,3PN,1000,14,0,0,36,261,3,0,0,300
100337795,3,7/12/2020 14:15,375,393.75,47.2995,-58.87617,2020,602,H43,3PN,1000,11,2,0,1,289,10,0,0,300
